{
  "project_info": {
    "project_number": "11604972886",
    "firebase_url": "https://lara-cbd5f.firebaseio.com",
    "project_id": "lara-cbd5f",
    "storage_bucket": "lara-cbd5f.appspot.com"
  },
  "client": [
    {
      "client_info": {
        "mobilesdk_app_id": "1:11604972886:android:93908fbe652d875563f2f7",
        "android_client_info": {
          "package_name": "com.example.firebasetest"
        }
      },
      "oauth_client": [
        {
          "client_id": "11604972886-gqmtplcb9lfslpfv81eeqs7ccbegep30.apps.googleusercontent.com",
          "client_type": 3
        }
      ],
      "api_key": [
        {
          "current_key": "AIzaSyBvH2PFoZz0mJJm_FvP3HPIGxWXWmuXzEE"
        }
      ],
      "services": {
        "appinvite_service": {
          "other_platform_oauth_client": [
            {
              "client_id": "11604972886-gqmtplcb9lfslpfv81eeqs7ccbegep30.apps.googleusercontent.com",
              "client_type": 3
            }
          ]
        }
      }
    }
  ],
  "configuration_version": "1"
}